{
	"generator_info": "Shape definitions generated with PhysicsEditor. Visit https://www.codeandweb.com/physicseditor",
	"slingshot": {
		"type": "fromPhysicsEditor",
		"label": "slingshot",
		"isStatic": true,
		"density": 0.1,
		"restitution": 0,
		"friction": 0.10000000149011612,
		"frictionAir": 0.009999999776482582,
		"frictionStatic": 0.5,
		"collisionFilter": {
			"group": 0,
			"category": 1,
			"mask": 255
		},
		"fixtures": [
			{
				"label": "",
				"isSensor": false,
				"vertices": [
					[ { "x":10, "y":301 }, { "x":22, "y":300 }, { "x":157, "y":255 }, { "x":197, "y":165 }, { "x":154, "y":9 }, { "x":1, "y":276 }, { "x":1, "y":291 }, { "x":3, "y":296 } ],
					[ { "x":182, "y":0 }, { "x":167, "y":1 }, { "x":159, "y":4 }, { "x":154, "y":9 }, { "x":197, "y":165 }, { "x":197, "y":11 }, { "x":192, "y":5 } ],
					[ { "x":190, "y":232 }, { "x":196, "y":217 }, { "x":197, "y":165 }, { "x":157, "y":255 }, { "x":181, "y":242 } ]
				]
			}
		]
	},
	"paddleRight": {
		"type": "fromPhysicsEditor",
		"label": "paddleRight",
		"isStatic": false,
		"density": 1,
		"restitution": 0,
		"friction": 0.1,
		"frictionAir": 0.01,
		"frictionStatic": 0,
		"collisionFilter": {
			"group": 0,
			"category": 1,
			"mask": 255
		},
		"fixtures": [
			{
				"label": "",
				"isSensor": false,
				"vertices": [
					[ { "x":23, "y":145 }, { "x":73, "y":159 }, { "x":279.0027770996094, "y":115.0002498626709 }, { "x":327, "y":35 }, { "x":277, "y":1 }, { "x":37, "y":32 }, { "x":3, "y":94 }, { "x":9, "y":118 } ],
					[ { "x":236, "y":165 }, { "x":279.0027770996094, "y":115.0002498626709 }, { "x":73, "y":159 } ],
					[ { "x":328, "y":55 }, { "x":327, "y":35 }, { "x":279.0027770996094, "y":115.0002498626709 }, { "x":319, "y":75 } ],
					[ { "x":318, "y":14 }, { "x":306, "y":4 }, { "x":296, "y":0 }, { "x":277, "y":1 }, { "x":327, "y":35 } ],
					[ { "x":9, "y":40 }, { "x":4, "y":45 }, { "x":1, "y":51 }, { "x":-1, "y":71 }, { "x":3, "y":94 }, { "x":37, "y":32 }, { "x":16, "y":37 } ]
				]
			},
			{
				"label": "",
				"isSensor": false,
				"circle": {
					"x": 733.0375132628932,
					"y": -97.76288527279326,
					"radius": 59.14666743239579
				}
			}
		]
	},
	"wall": {
		"type": "fromPhysicsEditor",
		"label": "wall",
		"isStatic": true,
		"density": 0.10000000149011612,
		"restitution": 0,
		"friction": 0.10000000149011612,
		"frictionAir": 0.009999999776482582,
		"frictionStatic": 0.5,
		"collisionFilter": {
			"group": 0,
			"category": 1,
			"mask": 255
		},
		"fixtures": [
			{
				"label": "",
				"isSensor": false,
				"vertices": [
					[ { "x":13, "y":63 }, { "x":26, "y":69 }, { "x":325, "y":69 }, { "x":325, "y":0 }, { "x":26, "y":0 }, { "x":0, "y":26 }, { "x":0, "y":43 }, { "x":4, "y":53 } ],
					[ { "x":13, "y":6 }, { "x":4, "y":16 }, { "x":0, "y":26 }, { "x":26, "y":0 } ],
					[ { "x":338, "y":6 }, { "x":325, "y":0 }, { "x":325, "y":69 }, { "x":338, "y":63 }, { "x":347, "y":53 }, { "x":351, "y":43 }, { "x":351, "y":26 }, { "x":347, "y":16 } ]
				]
			}
		]
	},
	"paddleLeft": {
		"type": "fromPhysicsEditor",
		"label": "paddleLeft",
		"isStatic": false,
		"density": 1,
		"restitution": 0,
		"friction": 0.1,
		"frictionAir": 0.01,
		"frictionStatic": 0,
		"collisionFilter": {
			"group": 0,
			"category": 1,
			"mask": 255
		},
		"fixtures": [
			{
				"label": "",
				"isSensor": false,
				"vertices": [
					[ { "x":317, "y":131 }, { "x":328, "y":71 }, { "x":291, "y":31 }, { "x":51, "y":0 }, { "x":-3, "y":61 }, { "x":41.00040817260742, "y":130.0004005432129 }, { "x":89, "y":168 }, { "x":260, "y":156 } ],
					[ { "x":0, "y":91 }, { "x":41.00040817260742, "y":130.0004005432129 }, { "x":-3, "y":61 } ],
					[ { "x":322, "y":43 }, { "x":312, "y":36 }, { "x":291, "y":31 }, { "x":328, "y":71 }, { "x":326, "y":51 } ],
					[ { "x":-3, "y":61 }, { "x":51, "y":0 }, { "x":32, "y":1 }, { "x":16, "y":8 }, { "x":7, "y":18 }, { "x":0, "y":35 } ]
				]
			},
			{
				"label": "",
				"isSensor": false,
				"circle": {
					"x": -372.6297473066661,
					"y": -104.44286814473386,
					"radius": 60.841700553325076
				}
			}
		]
	}
}
